Data Size,Scan Throughput
2,15969.689529
4,10360.936162
8,1716.915292
16,542.057128
32,864.488291
64,244.934499
128,62.453921
256,29.915507
512,6.461764
1024,14.055867
