Data Size,Binary Search Throughput
2,57210.421015
4,30327.230514
8,6217.062508
16,1601.250472
32,2675.518473
64,741.102074
128,179.773591
256,83.006626
512,18.920999
1024,41.604953
